{"train": 1.9046369835061514, "test": 2.8943274791937044}